{
    "type": "minecraft:entity",
    "pools": [
      {
        "rolls": 1,
        "entries": [
          {
            "type": "minecraft:item",
            "name": "minecraft:structure_block",
            "functions": [
              {
                "function": "minecraft:set_nbt",
                "tag": "{display:{Name:'[{\"text\":\"Creeper\\'s\",\"color\":\"dark_green\",\"italic\":false},{\"text\":\" Hoop\",\"color\":\"green\",\"italic\":false}]',Lore:['[{\"text\":\"- \",\"color\":\"gray\",\"italic\":false},{\"text\":\"🛡 Resistance\",\"color\":\"dark_red\",\"italic\":false},{\"text\":\" + 20% Damage Reduction\"}]']},CustomModelData:1408,resistance_jewelry:1b,resistance_ring:1b,BlockEntityTag:{rotation:\"NONE\",mirror:\"NONE\",mode:\"SAVE\"}}"
              }
            ]
          }
        ],
        "conditions": [
          {
            "condition": "minecraft:killed_by_player",
            "inverse": true
          },
          {
            "condition": "minecraft:random_chance",
            "chance": 0.06
          }
        ]
      },
      {
        "rolls": 1,
        "bonus_rolls": 0,
        "entries": [
          {
            "type": "minecraft:item",
            "name": "minecraft:gunpowder",
            "functions": [
              {
                "function": "minecraft:set_count",
                "count": {
                  "type": "minecraft:uniform",
                  "min": 0,
                  "max": 2
                },
                "add": false
              },
              {
                "function": "minecraft:looting_enchant",
                "count": {
                  "type": "minecraft:uniform",
                  "min": 0,
                  "max": 1
                }
              }
            ]
          }
        ]
      },
      {
        "rolls": 1,
        "bonus_rolls": 0,
        "entries": [
          {
            "type": "minecraft:tag",
            "name": "minecraft:creeper_drop_music_discs",
            "expand": true
          }
        ],
        "conditions": [
          {
            "condition": "minecraft:entity_properties",
            "entity": "killer",
            "predicate": {
              "type": "#minecraft:skeletons"
            }
          }
        ]
      }
    ]
  }
  