{
    "type": "minecraft:entity",
    "pools": [
      {
        "rolls": 1,
        "entries": [
          {
            "type": "minecraft:item",
            "name": "minecraft:structure_block",
            "functions": [
              {
                "function": "minecraft:set_nbt",
                "tag": "{display:{Name:'[{\"text\":\"Barbarian\\'s\",\"color\":\"gray\",\"italic\":false},{\"text\":\" Wristlet\",\"color\":\"dark_gray\",\"italic\":false}]',Lore:['[{\"text\":\"- \",\"color\":\"gray\",\"italic\":false},{\"text\":\"◎ Stun\",\"color\":\"red\",\"italic\":false},{\"text\":\" + 3 sec\"}]','[{\"text\":\"- \",\"color\":\"gray\",\"italic\":false},{\"text\":\"🗡 Attack\",\"color\":\"light_purple\",\"italic\":false},{\"text\":\" + 1 damage\"}]']},CustomModelData:1411,stun_jewelry:1b,stun_1_bracelet:1b,attack_jewelry:1b,attack_1_bracelet:1b,mirror:\"NONE\",mode:\"SAVE\",BlockEntityTag:{rotation:\"NONE\",mirror:\"NONE\",mode:\"SAVE\"}}"
              }
            ]
          },
          {
            "type": "minecraft:item",
            "name": "minecraft:structure_block",
            "functions": [
              {
                "function": "minecraft:set_nbt",
                "tag": "{display:{Name:'[{\"text\":\"Berserker\",\"color\":\"dark_green\",\"italic\":false},{\"text\":\" Wristband\",\"color\":\"gray\",\"italic\":false}]',Lore:['[{\"text\":\"- \",\"color\":\"gray\",\"italic\":false},{\"text\":\"◎ Stun\",\"color\":\"red\",\"italic\":false},{\"text\":\" + 6 sec\"}]']},CustomModelData:1413,stun_jewelry:1b,stun_2_bracelet:1b,BlockEntityTag:{rotation:\"NONE\",mirror:\"NONE\",mode:\"SAVE\"}}"
              }
            ]
          }
        ],
        "conditions": [
          {
            "condition": "minecraft:random_chance",
            "chance": 0.55
          }
        ]
      },
      {
        "rolls": 1,
        "bonus_rolls": 0,
        "entries": [
          {
            "type": "minecraft:item",
            "name": "minecraft:saddle",
            "functions": [
              {
                "function": "minecraft:set_count",
                "count": 1,
                "add": false
              }
            ]
          }
        ]
      }
    ],
    "random_sequence": "minecraft:entities/ravager"
  }
  