{
    "type": "minecraft:chest",
    "pools": [
        {
            "rolls": 1,
            "entries": [
              {
                "type": "minecraft:item",
                "name": "minecraft:structure_block",
                "functions": [
                  {
                    "function": "minecraft:set_nbt",
                    "tag": "{display:{Name:'[{\"text\":\"Rabbit\",\"color\":\"green\",\"italic\":false},{\"text\":\" Ring\",\"color\":\"gray\",\"italic\":false}]',Lore:['[{\"text\":\"- \",\"color\":\"gray\",\"italic\":false},{\"text\":\"☀ Speed\",\"color\":\"aqua\",\"italic\":false},{\"text\":\" 0.03 speed\"}]','[{\"text\":\"- \",\"color\":\"gray\",\"italic\":false},{\"text\":\"↑ Jump Boost\",\"color\":\"white\",\"italic\":false},{\"text\":\" + 2.5 blocks\"}]']},CustomModelData:1414,speed_jewelry:1b,speed_1_ring:1b,jump_boost_jewelry:1b,jump_boost_2_ring:1b,BlockEntityTag:{rotation:\"NONE\",mirror:\"NONE\",mode:\"SAVE\"}}"
                  }
                ]
              }
            ],
            "conditions": [
              {
                "condition": "minecraft:random_chance",
                "chance": 0.32
              }
            ]
          },
          {
        "rolls": {
          "type": "minecraft:uniform",
          "min": 3,
          "max": 8
        },
        "bonus_rolls": 0,
        "entries": [
          {
            "type": "minecraft:item",
            "name": "minecraft:blue_ice"
          },
          {
            "type": "minecraft:item",
            "weight": 4,
            "name": "minecraft:snow_block"
          },
          {
            "type": "minecraft:item",
            "weight": 10,
            "name": "minecraft:potato",
            "functions": [
              {
                "function": "minecraft:set_count",
                "count": {
                  "type": "minecraft:uniform",
                  "min": 1,
                  "max": 7
                },
                "add": false
              }
            ]
          },
          {
            "type": "minecraft:item",
            "weight": 10,
            "name": "minecraft:bread",
            "functions": [
              {
                "function": "minecraft:set_count",
                "count": {
                  "type": "minecraft:uniform",
                  "min": 1,
                  "max": 4
                },
                "add": false
              }
            ]
          },
          {
            "type": "minecraft:item",
            "weight": 10,
            "name": "minecraft:beetroot_seeds",
            "functions": [
              {
                "function": "minecraft:set_count",
                "count": {
                  "type": "minecraft:uniform",
                  "min": 1,
                  "max": 5
                },
                "add": false
              }
            ]
          },
          {
            "type": "minecraft:item",
            "name": "minecraft:beetroot_soup"
          },
          {
            "type": "minecraft:item",
            "name": "minecraft:furnace"
          },
          {
            "type": "minecraft:item",
            "name": "minecraft:emerald",
            "functions": [
              {
                "function": "minecraft:set_count",
                "count": {
                  "type": "minecraft:uniform",
                  "min": 1,
                  "max": 4
                },
                "add": false
              }
            ]
          },
          {
            "type": "minecraft:item",
            "weight": 10,
            "name": "minecraft:snowball",
            "functions": [
              {
                "function": "minecraft:set_count",
                "count": {
                  "type": "minecraft:uniform",
                  "min": 1,
                  "max": 7
                },
                "add": false
              }
            ]
          },
          {
            "type": "minecraft:item",
            "weight": 5,
            "name": "minecraft:coal",
            "functions": [
              {
                "function": "minecraft:set_count",
                "count": {
                  "type": "minecraft:uniform",
                  "min": 1,
                  "max": 4
                },
                "add": false
              }
            ]
          }
        ]
      }
    ],
    "random_sequence": "minecraft:chests/village/village_snowy_house"
  }
  