{
    "type": "minecraft:barter",
    "pools": [
      {
        "rolls": 1,
        "bonus_rolls": 0,
        "entries": [
          {
            "type": "minecraft:item",
            "weight": 20,
            "name": "minecraft:structure_block",
            "functions": [
              {
                "function": "minecraft:set_nbt",
                "tag": "{display:{Name:'[{\"text\":\"Golden\",\"color\":\"yellow\",\"italic\":false},{\"text\":\" Shackle\",\"color\":\"gold\",\"italic\":false}]',Lore:['[{\"text\":\"- \",\"color\":\"gray\",\"italic\":false},{\"text\":\"🛡 Resistance\",\"color\":\"dark_red\",\"italic\":false},{\"text\":\" + 20% Damage Reduction\"}]','[{\"text\":\"- \",\"color\":\"gray\",\"italic\":false},{\"text\":\"🗡 Attack\",\"color\":\"light_purple\",\"italic\":false},{\"text\":\" + 2 damage\"}]']},CustomModelData:1410,resistance_jewelry:1b,resistance_bracelet:1b,attack_jewelry:1b,attack_2_bracelet:1b,mirror:\"NONE\",mode:\"SAVE\",BlockEntityTag:{rotation:\"NONE\",mirror:\"NONE\",mode:\"SAVE\"}}"
              }
            ]
          },
          {
            "type": "minecraft:item",
            "weight": 5,
            "name": "minecraft:book",
            "functions": [
              {
                "function": "minecraft:enchant_randomly",
                "enchantments": [
                  "minecraft:soul_speed"
                ]
              }
            ]
          },
          {
            "type": "minecraft:item",
            "weight": 8,
            "name": "minecraft:iron_boots",
            "functions": [
              {
                "function": "minecraft:enchant_randomly",
                "enchantments": [
                  "minecraft:soul_speed"
                ]
              }
            ]
          },
          {
            "type": "minecraft:item",
            "weight": 8,
            "name": "minecraft:potion",
            "functions": [
              {
                "function": "minecraft:set_potion",
                "id": "minecraft:fire_resistance"
              }
            ]
          },
          {
            "type": "minecraft:item",
            "weight": 8,
            "name": "minecraft:splash_potion",
            "functions": [
              {
                "function": "minecraft:set_potion",
                "id": "minecraft:fire_resistance"
              }
            ]
          },
          {
            "type": "minecraft:item",
            "weight": 10,
            "name": "minecraft:potion",
            "functions": [
              {
                "function": "minecraft:set_potion",
                "id": "minecraft:water"
              }
            ]
          },
          {
            "type": "minecraft:item",
            "weight": 10,
            "name": "minecraft:iron_nugget",
            "functions": [
              {
                "function": "minecraft:set_count",
                "count": {
                  "type": "minecraft:uniform",
                  "min": 10,
                  "max": 36
                },
                "add": false
              }
            ]
          },
          {
            "type": "minecraft:item",
            "weight": 10,
            "name": "minecraft:ender_pearl",
            "functions": [
              {
                "function": "minecraft:set_count",
                "count": {
                  "type": "minecraft:uniform",
                  "min": 2,
                  "max": 4
                },
                "add": false
              }
            ]
          },
          {
            "type": "minecraft:item",
            "weight": 20,
            "name": "minecraft:string",
            "functions": [
              {
                "function": "minecraft:set_count",
                "count": {
                  "type": "minecraft:uniform",
                  "min": 3,
                  "max": 9
                },
                "add": false
              }
            ]
          },
          {
            "type": "minecraft:item",
            "weight": 20,
            "name": "minecraft:quartz",
            "functions": [
              {
                "function": "minecraft:set_count",
                "count": {
                  "type": "minecraft:uniform",
                  "min": 5,
                  "max": 12
                },
                "add": false
              }
            ]
          },
          {
            "type": "minecraft:item",
            "weight": 40,
            "name": "minecraft:obsidian"
          },
          {
            "type": "minecraft:item",
            "weight": 40,
            "name": "minecraft:crying_obsidian",
            "functions": [
              {
                "function": "minecraft:set_count",
                "count": {
                  "type": "minecraft:uniform",
                  "min": 1,
                  "max": 3
                },
                "add": false
              }
            ]
          },
          {
            "type": "minecraft:item",
            "weight": 40,
            "name": "minecraft:fire_charge"
          },
          {
            "type": "minecraft:item",
            "weight": 40,
            "name": "minecraft:leather",
            "functions": [
              {
                "function": "minecraft:set_count",
                "count": {
                  "type": "minecraft:uniform",
                  "min": 2,
                  "max": 4
                },
                "add": false
              }
            ]
          },
          {
            "type": "minecraft:item",
            "weight": 40,
            "name": "minecraft:soul_sand",
            "functions": [
              {
                "function": "minecraft:set_count",
                "count": {
                  "type": "minecraft:uniform",
                  "min": 2,
                  "max": 8
                },
                "add": false
              }
            ]
          },
          {
            "type": "minecraft:item",
            "weight": 40,
            "name": "minecraft:nether_brick",
            "functions": [
              {
                "function": "minecraft:set_count",
                "count": {
                  "type": "minecraft:uniform",
                  "min": 2,
                  "max": 8
                },
                "add": false
              }
            ]
          },
          {
            "type": "minecraft:item",
            "weight": 40,
            "name": "minecraft:spectral_arrow",
            "functions": [
              {
                "function": "minecraft:set_count",
                "count": {
                  "type": "minecraft:uniform",
                  "min": 6,
                  "max": 12
                },
                "add": false
              }
            ]
          },
          {
            "type": "minecraft:item",
            "weight": 40,
            "name": "minecraft:gravel",
            "functions": [
              {
                "function": "minecraft:set_count",
                "count": {
                  "type": "minecraft:uniform",
                  "min": 8,
                  "max": 16
                },
                "add": false
              }
            ]
          },
          {
            "type": "minecraft:item",
            "weight": 40,
            "name": "minecraft:blackstone",
            "functions": [
              {
                "function": "minecraft:set_count",
                "count": {
                  "type": "minecraft:uniform",
                  "min": 8,
                  "max": 16
                },
                "add": false
              }
            ]
          }
        ]
      }
    ]
  }
  