{
    "type": "minecraft:chest",
    "pools": [
      {
        "rolls": 1,
        "entries": [
          {
            "type": "minecraft:item",
            "name": "minecraft:structure_block",
            "functions": [
              {
                "function": "minecraft:set_nbt",
                "tag": "{display:{Name:'[{\"text\":\"Hellfire\",\"color\":\"red\",\"italic\":false},{\"text\":\" Charm\",\"color\":\"gold\",\"italic\":false}]',Lore:['[{\"text\":\"- \",\"color\":\"gray\",\"italic\":false},{\"text\":\"✣ Fire Resistance\",\"color\":\"gold\",\"italic\":false},{\"text\":\" + Immunity to Fire Damage\"}]']},CustomModelData:1403,fire_resistance_jewelry:1b,fire_resistance_necklace:1b,BlockEntityTag:{rotation:\"NONE\",mirror:\"NONE\",mode:\"SAVE\"}}"
              }
            ]
          }
        ],
        "conditions": [
          {
            "condition": "minecraft:random_chance",
            "chance": 0.5
          }
        ]
      },
      {
        "rolls": {
          "type": "minecraft:uniform",
          "min": 2,
          "max": 4
        },
        "bonus_rolls": 0,
        "entries": [
          {
            "type": "minecraft:item",
            "weight": 5,
            "name": "minecraft:diamond",
            "functions": [
              {
                "function": "minecraft:set_count",
                "count": {
                  "type": "minecraft:uniform",
                  "min": 1,
                  "max": 3
                },
                "add": false
              }
            ]
          },
          {
            "type": "minecraft:item",
            "weight": 5,
            "name": "minecraft:iron_ingot",
            "functions": [
              {
                "function": "minecraft:set_count",
                "count": {
                  "type": "minecraft:uniform",
                  "min": 1,
                  "max": 5
                },
                "add": false
              }
            ]
          },
          {
            "type": "minecraft:item",
            "weight": 15,
            "name": "minecraft:gold_ingot",
            "functions": [
              {
                "function": "minecraft:set_count",
                "count": {
                  "type": "minecraft:uniform",
                  "min": 1,
                  "max": 3
                },
                "add": false
              }
            ]
          },
          {
            "type": "minecraft:item",
            "weight": 5,
            "name": "minecraft:golden_sword"
          },
          {
            "type": "minecraft:item",
            "weight": 5,
            "name": "minecraft:golden_chestplate"
          },
          {
            "type": "minecraft:item",
            "weight": 5,
            "name": "minecraft:flint_and_steel"
          },
          {
            "type": "minecraft:item",
            "weight": 5,
            "name": "minecraft:nether_wart",
            "functions": [
              {
                "function": "minecraft:set_count",
                "count": {
                  "type": "minecraft:uniform",
                  "min": 3,
                  "max": 7
                },
                "add": false
              }
            ]
          },
          {
            "type": "minecraft:item",
            "weight": 10,
            "name": "minecraft:saddle"
          },
          {
            "type": "minecraft:item",
            "weight": 8,
            "name": "minecraft:golden_horse_armor"
          },
          {
            "type": "minecraft:item",
            "weight": 5,
            "name": "minecraft:iron_horse_armor"
          },
          {
            "type": "minecraft:item",
            "weight": 3,
            "name": "minecraft:diamond_horse_armor"
          },
          {
            "type": "minecraft:item",
            "weight": 2,
            "name": "minecraft:obsidian",
            "functions": [
              {
                "function": "minecraft:set_count",
                "count": {
                  "type": "minecraft:uniform",
                  "min": 2,
                  "max": 4
                },
                "add": false
              }
            ]
          }
        ]
      },
      {
        "rolls": 1,
        "bonus_rolls": 0,
        "entries": [
          {
            "type": "minecraft:empty",
            "weight": 14
          },
          {
            "type": "minecraft:item",
            "name": "minecraft:rib_armor_trim_smithing_template"
          }
        ]
      }
    ],
    "random_sequence": "minecraft:chests/nether_bridge"
  }
  