{
    "type": "minecraft:chest",
    "pools": [
      {
        "rolls": 1,
        "entries": [
          {
            "type": "minecraft:item",
            "name": "minecraft:structure_block",
            "functions": [
              {
                "function": "minecraft:set_nbt",
                "tag": "{display:{Name:'[{\"text\":\"Mermaid\",\"color\":\"blue\",\"italic\":false},{\"text\":\" Pendant\",\"color\":\"dark_green\",\"italic\":false}]',Lore:['[{\"text\":\"- \",\"color\":\"gray\",\"italic\":false},{\"text\":\"∘⚪◌ Water Breathing\",\"color\":\"blue\",\"italic\":false},{\"text\":\" + 20 sec\",\"color\":\"gray\",\"italic\":false}]']},CustomModelData:1404,water_breathing_jewelry:1b,water_breathing_4_necklace:1b,BlockEntityTag:{rotation:\"NONE\",mirror:\"NONE\",mode:\"SAVE\"}}"
              }
            ]
          }
        ],
        "conditions": [
          {
            "condition": "minecraft:random_chance",
            "chance": 0.08
          }
        ]
      },
      {
        "rolls": 1,
        "entries": [
          {
            "type": "minecraft:item",
            "name": "minecraft:jigsaw",
            "functions": [
              {
                "function": "minecraft:set_nbt",
                "tag": "{display:{Name:'{\"text\":\"Sapphire Gem\",\"color\":\"blue\",\"italic\":false}'},CustomModelData:1105,sapphire_gem:1b}"
              }
            ]
          }
        ],
        "conditions": [
          {
            "condition": "minecraft:random_chance",
            "chance": 0.45
          }
        ]
      },
      {
        "rolls": {
          "type": "minecraft:uniform",
          "min": 2,
          "max": 8
        },
        "bonus_rolls": 0,
        "entries": [
          {
            "type": "minecraft:item",
            "weight": 10,
            "name": "minecraft:coal",
            "functions": [
              {
                "function": "minecraft:set_count",
                "count": {
                  "type": "minecraft:uniform",
                  "min": 1,
                  "max": 4
                },
                "add": false
              }
            ]
          },
          {
            "type": "minecraft:item",
            "weight": 2,
            "name": "minecraft:stone_axe"
          },
          {
            "type": "minecraft:item",
            "weight": 5,
            "name": "minecraft:rotten_flesh"
          },
          {
            "type": "minecraft:item",
            "name": "minecraft:emerald"
          },
          {
            "type": "minecraft:item",
            "weight": 10,
            "name": "minecraft:wheat",
            "functions": [
              {
                "function": "minecraft:set_count",
                "count": {
                  "type": "minecraft:uniform",
                  "min": 2,
                  "max": 3
                },
                "add": false
              }
            ]
          }
        ]
      },
      {
        "rolls": 1,
        "bonus_rolls": 0,
        "entries": [
          {
            "type": "minecraft:item",
            "name": "minecraft:leather_chestplate"
          },
          {
            "type": "minecraft:item",
            "name": "minecraft:golden_helmet"
          },
          {
            "type": "minecraft:item",
            "weight": 5,
            "name": "minecraft:fishing_rod",
            "functions": [
              {
                "function": "minecraft:enchant_randomly"
              }
            ]
          },
          {
            "type": "minecraft:item",
            "weight": 5,
            "name": "minecraft:map",
            "functions": [
              {
                "function": "minecraft:exploration_map",
                "decoration": "red_x",
                "zoom": 1,
                "skip_existing_chunks": false
              },
              {
                "function": "minecraft:set_name",
                "name": {
                  "translate": "filled_map.buried_treasure"
                }
              }
            ]
          }
        ]
      }
    ]
  }
  