{
    "type": "minecraft:crafting_shaped",
    "pattern": [
        "#R#",
        " I ",
        "iii"
    ],
    "key": {
        "#": {
            "item": "minecraft:light_blue_wool"
        },
        "R": {
            "item": "minecraft:magenta_wool"
        },
        "I": {
            "item": "minecraft:diamond_block"
        },
        "i": {
            "item": "minecraft:diamond"
        }
    },
    "result": {
        "item": "minecraft:knowledge_book",
        "count": 1
    }
}