{
    "type": "minecraft:archaeology",
    "pools": [
      {
        "rolls": 1,
        "bonus_rolls": 0,
        "entries": [
          {
            "type": "minecraft:item",
            "name": "minecraft:structure_block",
            "functions": [
              {
                "function": "minecraft:set_nbt",
                "tag": "{display:{Name:'[{\"text\":\"Pharaoh\\'s\",\"color\":\"red\",\"italic\":false},{\"text\":\" Shackle\",\"color\":\"dark_red\",\"italic\":false}]',Lore:['[{\"text\":\"- \",\"color\":\"gray\",\"italic\":false},{\"text\":\"🛡 Resistance\",\"color\":\"dark_red\",\"italic\":false},{\"text\":\" + 20% Damage Reduction\"}]']},CustomModelData:1401,resistance_jewelry:1b,resistance_bracelet:1b,BlockEntityTag:{rotation:\"NONE\",mirror:\"NONE\",mode:\"SAVE\"}}"
              }
            ]
          },
          {
            "type": "minecraft:item",
            "name": "minecraft:archer_pottery_sherd"
          },
          {
            "type": "minecraft:item",
            "name": "minecraft:miner_pottery_sherd"
          },
          {
            "type": "minecraft:item",
            "name": "minecraft:prize_pottery_sherd"
          },
          {
            "type": "minecraft:item",
            "name": "minecraft:skull_pottery_sherd"
          },
          {
            "type": "minecraft:item",
            "name": "minecraft:diamond"
          },
          {
            "type": "minecraft:item",
            "name": "minecraft:tnt"
          },
          {
            "type": "minecraft:item",
            "name": "minecraft:gunpowder"
          },
          {
            "type": "minecraft:item",
            "name": "minecraft:emerald"
          }
        ]
      }
    ],
    "random_sequence": "minecraft:archaeology/desert_pyramid"
  }
  