{
    "type": "minecraft:archaeology",
    "pools": [
      {
        "rolls": 1,
        "bonus_rolls": 0,
        "entries": [
          {
            "type": "minecraft:item",
            "name": "minecraft:structure_block",
            "functions": [
              {
                "function": "minecraft:set_nbt",
                "tag": "{display:{Name:'[{\"text\":\"Pearl\",\"color\":\"aqua\",\"italic\":false},{\"text\":\" Necklace\",\"color\":\"light_purple\",\"italic\":false}]',Lore:['[{\"text\":\"- \",\"color\":\"gray\",\"italic\":false},{\"text\":\"₪ Dolphin\\'s Grace\",\"color\":\"aqua\",\"italic\":false},{\"text\":\" + 4.2 b/s\"}]']},CustomModelData:1400,dolphins_grace_jewelry:1b,dolphins_grace_necklace:1b,BlockEntityTag:{rotation:\"NONE\",mirror:\"NONE\",mode:\"SAVE\"}}"
              }
            ]
          },
          {
            "type": "minecraft:item",
            "name": "minecraft:angler_pottery_sherd"
          },
          {
            "type": "minecraft:item",
            "name": "minecraft:shelter_pottery_sherd"
          },
          {
            "type": "minecraft:item",
            "name": "minecraft:snort_pottery_sherd"
          },
          {
            "type": "minecraft:item",
            "name": "minecraft:sniffer_egg"
          },
          {
            "type": "minecraft:item",
            "name": "minecraft:iron_axe"
          },
          {
            "type": "minecraft:item",
            "weight": 2,
            "name": "minecraft:emerald"
          },
          {
            "type": "minecraft:item",
            "weight": 2,
            "name": "minecraft:wheat"
          },
          {
            "type": "minecraft:item",
            "weight": 2,
            "name": "minecraft:wooden_hoe"
          },
          {
            "type": "minecraft:item",
            "weight": 2,
            "name": "minecraft:coal"
          },
          {
            "type": "minecraft:item",
            "weight": 2,
            "name": "minecraft:gold_nugget"
          }
        ]
      }
    ],
    "random_sequence": "minecraft:archaeology/ocean_ruin_warm"
  }
  