{
  "type": "minecraft:archaeology",
  "pools": [
    {
      "rolls": 1,
      "bonus_rolls": 0,
      "entries": [
        {
          "type": "minecraft:item",
          "weight": 5,
          "name": "minecraft:structure_block",
          "functions": [
            {
              "function": "minecraft:set_nbt",
              "tag": "{display:{Name:'[{\"text\":\"Rabbit\",\"color\":\"green\",\"italic\":false},{\"text\":\" Ring\",\"color\":\"gray\",\"italic\":false}]',Lore:['[{\"text\":\"- \",\"color\":\"gray\",\"italic\":false},{\"text\":\"☀ Speed\",\"color\":\"aqua\",\"italic\":false},{\"text\":\" 0.03 speed\"}]','[{\"text\":\"- \",\"color\":\"gray\",\"italic\":false},{\"text\":\"↑ Jump Boost\",\"color\":\"white\",\"italic\":false},{\"text\":\" + 2.5 blocks\"}]']},CustomModelData:1414,speed_jewelry:1b,speed_1_ring:1b,jump_boost_jewelry:1b,jump_boost_2_ring:1b,BlockEntityTag:{rotation:\"NONE\",mirror:\"NONE\",mode:\"SAVE\"}}"
            }
          ]
        },
        {
          "type": "minecraft:item",
          "weight": 5,
          "name": "minecraft:structure_block",
          "functions": [
            {
              "function": "minecraft:set_nbt",
              "tag": "{display:{Name:'[{\"text\":\"Queen\\'s\",\"color\":\"light_purple\",\"italic\":false},{\"text\":\" Jewel\",\"color\":\"red\",\"italic\":false}]',Lore:['[{\"text\":\"- \",\"color\":\"gray\",\"italic\":false},{\"text\":\"♥ Health\",\"color\":\"red\",\"italic\":false},{\"text\":\" + 4 Hp\"}]']},CustomModelData:1405,health_jewelry:1b,health_2_necklace:1b,BlockEntityTag:{rotation:\"NONE\",mirror:\"NONE\",mode:\"SAVE\"}}"
            }
          ]
        },
        {
          "type": "minecraft:item",
          "weight": 2,
          "name": "minecraft:emerald"
        },
        {
          "type": "minecraft:item",
          "weight": 2,
          "name": "minecraft:wheat"
        },
        {
          "type": "minecraft:item",
          "weight": 2,
          "name": "minecraft:wooden_hoe"
        },
        {
          "type": "minecraft:item",
          "weight": 2,
          "name": "minecraft:clay"
        },
        {
          "type": "minecraft:item",
          "weight": 2,
          "name": "minecraft:brick"
        },
        {
          "type": "minecraft:item",
          "weight": 2,
          "name": "minecraft:yellow_dye"
        },
        {
          "type": "minecraft:item",
          "weight": 2,
          "name": "minecraft:blue_dye"
        },
        {
          "type": "minecraft:item",
          "weight": 2,
          "name": "minecraft:light_blue_dye"
        },
        {
          "type": "minecraft:item",
          "weight": 2,
          "name": "minecraft:white_dye"
        },
        {
          "type": "minecraft:item",
          "weight": 2,
          "name": "minecraft:orange_dye"
        },
        {
          "type": "minecraft:item",
          "weight": 2,
          "name": "minecraft:red_candle"
        },
        {
          "type": "minecraft:item",
          "weight": 2,
          "name": "minecraft:green_candle"
        },
        {
          "type": "minecraft:item",
          "weight": 2,
          "name": "minecraft:purple_candle"
        },
        {
          "type": "minecraft:item",
          "weight": 2,
          "name": "minecraft:brown_candle"
        },
        {
          "type": "minecraft:item",
          "name": "minecraft:magenta_stained_glass_pane"
        },
        {
          "type": "minecraft:item",
          "name": "minecraft:pink_stained_glass_pane"
        },
        {
          "type": "minecraft:item",
          "name": "minecraft:blue_stained_glass_pane"
        },
        {
          "type": "minecraft:item",
          "name": "minecraft:light_blue_stained_glass_pane"
        },
        {
          "type": "minecraft:item",
          "name": "minecraft:red_stained_glass_pane"
        },
        {
          "type": "minecraft:item",
          "name": "minecraft:yellow_stained_glass_pane"
        },
        {
          "type": "minecraft:item",
          "name": "minecraft:purple_stained_glass_pane"
        },
        {
          "type": "minecraft:item",
          "name": "minecraft:spruce_hanging_sign"
        },
        {
          "type": "minecraft:item",
          "name": "minecraft:oak_hanging_sign"
        },
        {
          "type": "minecraft:item",
          "name": "minecraft:gold_nugget"
        },
        {
          "type": "minecraft:item",
          "name": "minecraft:coal"
        },
        {
          "type": "minecraft:item",
          "name": "minecraft:wheat_seeds"
        },
        {
          "type": "minecraft:item",
          "name": "minecraft:beetroot_seeds"
        },
        {
          "type": "minecraft:item",
          "name": "minecraft:dead_bush"
        },
        {
          "type": "minecraft:item",
          "name": "minecraft:flower_pot"
        },
        {
          "type": "minecraft:item",
          "name": "minecraft:string"
        },
        {
          "type": "minecraft:item",
          "name": "minecraft:lead"
        }
      ]
    }
  ],
  "random_sequence": "minecraft:archaeology/trail_ruins_common"
}
