{
    "type": "minecraft:archaeology",
    "pools": [
      {
        "rolls": 1,
        "bonus_rolls": 0,
        "entries": [
          {
            "type": "minecraft:item",
            "name": "minecraft:structure_block",
            "functions": [
              {
                "function": "minecraft:set_nbt",
                "tag": "{display:{Name:'[{\"text\":\"Ring \",\"color\":\"light_purple\",\"italic\":false},{\"text\":\"of\",\"color\":\"blue\",\"italic\":false},{\"text\":\" Sight\",\"color\":\"dark_purple\",\"italic\":false}]',Lore:['[{\"text\":\"- \",\"color\":\"gray\",\"italic\":false},{\"text\":\"👁 Night Vision\",\"color\":\"dark_blue\",\"italic\":false},{\"text\":\" + See in Dark Ability\"}]']},CustomModelData:1406,night_vision_jewelry:1b,night_vision_ring:1b,BlockEntityTag:{rotation:\"NONE\",mirror:\"NONE\",mode:\"SAVE\"}}"
              }
            ]
          },
          {
            "type": "minecraft:item",
            "name": "minecraft:structure_block",
            "functions": [
              {
                "function": "minecraft:set_nbt",
                "tag": "{display:{Name:'[{\"text\":\"Shock\",\"color\":\"yellow\",\"italic\":false},{\"text\":\" Necklace\",\"color\":\"gray\",\"italic\":false}]',Lore:['[{\"text\":\"- \",\"color\":\"gray\",\"italic\":false},{\"text\":\"⚡ Lightning\",\"color\":\"yellow\",\"italic\":false},{\"text\":\" + 3 Strikes\"}]']},CustomModelData:1412,lightning_jewelry:1b,lightning_3_necklace:1b,BlockEntityTag:{rotation:\"NONE\",mirror:\"NONE\",mode:\"SAVE\"}}"
              }
            ]
          },
          {
            "type": "minecraft:item",
            "name": "minecraft:burn_pottery_sherd"
          },
          {
            "type": "minecraft:item",
            "name": "minecraft:danger_pottery_sherd"
          },
          {
            "type": "minecraft:item",
            "name": "minecraft:friend_pottery_sherd"
          },
          {
            "type": "minecraft:item",
            "name": "minecraft:heart_pottery_sherd"
          },
          {
            "type": "minecraft:item",
            "name": "minecraft:heartbreak_pottery_sherd"
          },
          {
            "type": "minecraft:item",
            "name": "minecraft:howl_pottery_sherd"
          },
          {
            "type": "minecraft:item",
            "name": "minecraft:sheaf_pottery_sherd"
          },
          {
            "type": "minecraft:item",
            "name": "minecraft:wayfinder_armor_trim_smithing_template"
          },
          {
            "type": "minecraft:item",
            "name": "minecraft:raiser_armor_trim_smithing_template"
          },
          {
            "type": "minecraft:item",
            "name": "minecraft:shaper_armor_trim_smithing_template"
          },
          {
            "type": "minecraft:item",
            "name": "minecraft:host_armor_trim_smithing_template"
          },
          {
            "type": "minecraft:item",
            "name": "minecraft:music_disc_relic"
          }
        ]
      }
    ],
    "random_sequence": "minecraft:archaeology/trail_ruins_rare"
  }
  