{
    "__comment": "Made with TheDestruc7i0n's advancements generator: https://advancements.thedestruc7i0n.ca",
    "display": {
        "title": {
            "text": "Craft Item"
        },
        "description": {
            "text": "Crafted"
        },
        "icon": {
            "item": "minecraft:stone"
        },
        "frame": "task",
        "show_toast": false,
        "announce_to_chat": false,
        "hidden": true
    },
    "criteria": {
        "craft": {
            "trigger": "minecraft:recipe_unlocked",
            "conditions": {
                "recipe": "enhanced_jewelry:golden/golden_ring"
            }
        }
    },
    "rewards": {
        "function": "enhanced_jewelry:give/golden/golden_ring"
    }
}